{"d3ceed36-f31a-4158-bec4-0b2df1987b7a":{"Lat":10.8022953,"Long":106.7136202}}